corpus,size,ef_search,M,num_queries,build_p50_ms,build_p95_ms,build_p99_ms,search_p50_ms,search_p95_ms,search_p99_ms,avg_build_time_ms,avg_search_time_ms,qps,peak_rss_mb,build_peak_rss_mb,build_memory_delta_mb,search_peak_rss_mb,repetition
amazon23,10000,50,8,20,17.62166601838544,44.766208971850574,57.83554201480001,23.962791019584984,36.77550004795194,36.77550004795194,19.352428514126224,25.12720420199912,39.797503612456815,329.09375,329.09375,0.0,242.5625,0
amazon23,10000,50,8,20,17.150333966128528,44.536625035107136,57.81583400676027,24.36812501400709,35.87175003485754,35.87175003485754,19.14736580531462,25.19566044502426,39.6893743738908,334.375,334.375,0.171875,244.9375,1
amazon23,10000,50,8,20,17.487040953710675,44.15508295642212,57.69616598263383,23.93520897021517,36.42783302348107,36.42783302348107,19.14089201784227,24.779023000155576,40.35671624315945,331.828125,331.828125,0.0,248.546875,2
amazon23,10000,50,8,20,17.422417004127055,44.22695795074105,57.9371249768883,24.178750056307763,36.44154197536409,36.44154197536409,19.20207441357197,25.317839661147445,39.49784078673158,332.5,332.5,0.6875,252.21875,3
amazon23,10000,50,8,20,17.201040987856686,43.97837503347546,57.94550001155585,24.00491596199572,33.997500024270266,33.997500024270266,19.143986885034245,24.87776890047826,40.19653064551041,340.703125,340.703125,2.390625,249.328125,4
