corpus,size,ef_search,M,num_queries,build_p50_ms,build_p95_ms,build_p99_ms,search_p50_ms,search_p95_ms,search_p99_ms,avg_build_time_ms,avg_search_time_ms,qps,repetition
fiqa,50000,100,16,50,1.1087910388596356,2.6120840338990092,6.350667041260749,74.01970803039148,180.13866699766368,255.61074999859557,1.3544720558356493,86.33204418234527,11.5831845460286,0
