corpus,size,ef_search,M,num_queries,build_p50_ms,build_p95_ms,build_p99_ms,search_p50_ms,search_p95_ms,search_p99_ms,avg_build_time_ms,avg_search_time_ms,qps,peak_rss_mb,build_peak_rss_mb,build_memory_delta_mb,search_peak_rss_mb,repetition
fiqa,10000,50,8,20,20.97800001502037,51.66895897127688,73.7101660342887,27.139665966387838,69.40666696755216,69.40666696755216,22.89550842968747,29.99883750162553,33.33462504824774,260.421875,260.421875,0.0,169.0,0
fiqa,10000,50,8,20,19.615083001554012,51.98429198935628,70.90024999342859,29.50116602005437,41.82866704650223,41.82866704650223,22.277315222501056,32.10060210258234,31.152063653022715,246.75,246.75,0.0,172.390625,1
fiqa,10000,50,8,20,21.714125003200024,64.47408301755786,110.21091596921906,26.100834016688168,41.27575003076345,41.27575003076345,26.7318291518779,28.100575145799667,35.58646023476409,251.21875,251.21875,4.234375,172.96875,2
fiqa,10000,50,8,20,19.861709035467356,50.55937496945262,64.81741700554267,26.57333400566131,40.68412497872487,40.68412497872487,21.9095324054535,28.312395699322224,35.32021841669651,248.9375,248.9375,2.265625,173.140625,3
fiqa,10000,50,8,20,21.229625039268285,46.255792025476694,60.573750000912696,25.912291021086276,40.86754098534584,40.86754098534584,21.234159779653417,27.68659569846932,36.11856115828953,245.015625,245.015625,0.0,171.25,4
