{
  "benchmark": "hnsw",
  "num_vectors": 1000,
  "dim": 128,
  "M": 16,
  "ef_construction": 200,
  "ef_search": 50,
  "num_queries": 100,
  "seed": 42,
  "build_p50_ms": 5.810250004287809,
  "build_p95_ms": 16.204916988499463,
  "build_p99_ms": 20.95383300911635,
  "search_p50_ms": 5.170707998331636,
  "search_p95_ms": 8.486374979838729,
  "search_p99_ms": 10.756791976746172,
  "peak_rss_mb": 37.4375,
  "build_peak_rss_mb": 37.4375,
  "memory_delta_mb": 0.40625,
  "mean_recall_10": 1.0,
  "mean_recall_100": 0.9991,
  "recall_10_p50": 1.0,
  "recall_10_p95": 1.0,
  "recall_100_p50": 1.0,
  "recall_100_p95": 1.0,
  "hnsw_stats": {
    "num_vectors": 1000,
    "num_layers": 6,
    "entry_point": 481,
    "entry_level": 5,
    "total_edges": 22964,
    "avg_degree": 22.964
  }
}