{
  "benchmark": "hnsw",
  "num_vectors": 1000,
  "dim": 128,
  "M": 16,
  "ef_construction": 200,
  "ef_search": 50,
  "num_queries": 100,
  "build_p50_ms": 0.002667016815394163,
  "build_p95_ms": 0.004250032361596823,
  "build_p99_ms": 0.007209018804132938,
  "search_p50_ms": 0.0019160215742886066,
  "search_p95_ms": 0.0020830193534493446,
  "search_p99_ms": 0.004334026016294956,
  "hnsw_stats": {
    "num_vectors": 1000,
    "num_layers": 5,
    "entry_point": 268,
    "entry_level": 4,
    "total_edges": 0,
    "avg_degree": 0.0
  }
}