{
  "benchmark": "hnsw",
  "num_vectors": 1000,
  "dim": 128,
  "M": 16,
  "ef_construction": 200,
  "ef_search": 50,
  "num_queries": 100,
  "build_p50_ms": 0.0027500209398567677,
  "build_p95_ms": 0.008540984708815813,
  "build_p99_ms": 0.050083035603165627,
  "search_p50_ms": 0.001959037035703659,
  "search_p95_ms": 0.0027500209398567677,
  "search_p99_ms": 0.007459020707756281,
  "hnsw_stats": {
    "num_vectors": 1000,
    "num_layers": 5,
    "entry_point": 243,
    "entry_level": 4,
    "total_edges": 0,
    "avg_degree": 0.0
  }
}