{
  "benchmark": "inverted_index",
  "corpus": "synthetic",
  "num_docs": 100,
  "num_queries": 10,
  "build_p50_ms": 0.11616700794547796,
  "build_p95_ms": 0.2049580216407776,
  "build_p99_ms": 0.2282499917782843,
  "search_p50_ms": 0.030916999094188213,
  "search_p95_ms": 0.03891700180247426,
  "search_p99_ms": 0.03891700180247426,
  "peak_rss_mb": 39.359375,
  "build_peak_rss_mb": 39.359375,
  "memory_delta_mb": 0.140625,
  "index_stats": {
    "total_documents": 100,
    "total_terms": 1,
    "total_postings": 30,
    "avg_doc_length": 337.05,
    "avg_postings_per_term": 30.0
  }
}