{
  "benchmark": "kv_cache",
  "num_sequences": 100,
  "tokens_per_seq": 1000,
  "page_size": 512,
  "attach_p50_ms": 0.015167053788900375,
  "attach_p95_ms": 0.008833012543618679,
  "attach_p99_ms": 0.007792026735842228,
  "get_p50_ms": 0.1299170544371009,
  "get_p95_ms": 0.09654101449996233,
  "get_p99_ms": 0.11562503641471267,
  "detach_p50_ms": 0.02216699067503214,
  "detach_p95_ms": 0.011208001524209976,
  "detach_p99_ms": 0.0038750004023313522,
  "peak_rss_mb": 42.28125,
  "attach_peak_rss_mb": 42.1875,
  "memory_delta_mb": 3.421875,
  "cache_stats": {
    "total_sequences": 0,
    "total_pages": 10000,
    "allocated_pages": 0,
    "free_pages": 10000,
    "prefix_shares": 0,
    "prefix_map_size": 0,
    "shared_pages_count": 0,
    "total_page_refs": 0
  }
}