{
  "fiqa": [
    {
      "corpus": "fiqa",
      "size": 10000,
      "ef_search": 50,
      "M": 8,
      "num_queries": 20,
      "build_p50_ms": 20.97800001502037,
      "build_p95_ms": 51.66895897127688,
      "build_p99_ms": 73.7101660342887,
      "search_p50_ms": 27.139665966387838,
      "search_p95_ms": 69.40666696755216,
      "search_p99_ms": 69.40666696755216,
      "avg_build_time_ms": 22.89550842968747,
      "avg_search_time_ms": 29.99883750162553,
      "qps": 33.33462504824774,
      "peak_rss_mb": 260.421875,
      "build_peak_rss_mb": 260.421875,
      "build_memory_delta_mb": 0.0,
      "search_peak_rss_mb": 169.0,
      "repetition": 0
    },
    {
      "corpus": "fiqa",
      "size": 10000,
      "ef_search": 50,
      "M": 8,
      "num_queries": 20,
      "build_p50_ms": 19.615083001554012,
      "build_p95_ms": 51.98429198935628,
      "build_p99_ms": 70.90024999342859,
      "search_p50_ms": 29.50116602005437,
      "search_p95_ms": 41.82866704650223,
      "search_p99_ms": 41.82866704650223,
      "avg_build_time_ms": 22.277315222501056,
      "avg_search_time_ms": 32.10060210258234,
      "qps": 31.152063653022715,
      "peak_rss_mb": 246.75,
      "build_peak_rss_mb": 246.75,
      "build_memory_delta_mb": 0.0,
      "search_peak_rss_mb": 172.390625,
      "repetition": 1
    },
    {
      "corpus": "fiqa",
      "size": 10000,
      "ef_search": 50,
      "M": 8,
      "num_queries": 20,
      "build_p50_ms": 21.714125003200024,
      "build_p95_ms": 64.47408301755786,
      "build_p99_ms": 110.21091596921906,
      "search_p50_ms": 26.100834016688168,
      "search_p95_ms": 41.27575003076345,
      "search_p99_ms": 41.27575003076345,
      "avg_build_time_ms": 26.7318291518779,
      "avg_search_time_ms": 28.100575145799667,
      "qps": 35.58646023476409,
      "peak_rss_mb": 251.21875,
      "build_peak_rss_mb": 251.21875,
      "build_memory_delta_mb": 4.234375,
      "search_peak_rss_mb": 172.96875,
      "repetition": 2
    },
    {
      "corpus": "fiqa",
      "size": 10000,
      "ef_search": 50,
      "M": 8,
      "num_queries": 20,
      "build_p50_ms": 19.861709035467356,
      "build_p95_ms": 50.55937496945262,
      "build_p99_ms": 64.81741700554267,
      "search_p50_ms": 26.57333400566131,
      "search_p95_ms": 40.68412497872487,
      "search_p99_ms": 40.68412497872487,
      "avg_build_time_ms": 21.9095324054535,
      "avg_search_time_ms": 28.312395699322224,
      "qps": 35.32021841669651,
      "peak_rss_mb": 248.9375,
      "build_peak_rss_mb": 248.9375,
      "build_memory_delta_mb": 2.265625,
      "search_peak_rss_mb": 173.140625,
      "repetition": 3
    },
    {
      "corpus": "fiqa",
      "size": 10000,
      "ef_search": 50,
      "M": 8,
      "num_queries": 20,
      "build_p50_ms": 21.229625039268285,
      "build_p95_ms": 46.255792025476694,
      "build_p99_ms": 60.573750000912696,
      "search_p50_ms": 25.912291021086276,
      "search_p95_ms": 40.86754098534584,
      "search_p99_ms": 40.86754098534584,
      "avg_build_time_ms": 21.234159779653417,
      "avg_search_time_ms": 27.68659569846932,
      "qps": 36.11856115828953,
      "peak_rss_mb": 245.015625,
      "build_peak_rss_mb": 245.015625,
      "build_memory_delta_mb": 0.0,
      "search_peak_rss_mb": 171.25,
      "repetition": 4
    }
  ],
  "amazon23": [
    {
      "corpus": "amazon23",
      "size": 10000,
      "ef_search": 50,
      "M": 8,
      "num_queries": 20,
      "build_p50_ms": 17.62166601838544,
      "build_p95_ms": 44.766208971850574,
      "build_p99_ms": 57.83554201480001,
      "search_p50_ms": 23.962791019584984,
      "search_p95_ms": 36.77550004795194,
      "search_p99_ms": 36.77550004795194,
      "avg_build_time_ms": 19.352428514126224,
      "avg_search_time_ms": 25.12720420199912,
      "qps": 39.797503612456815,
      "peak_rss_mb": 329.09375,
      "build_peak_rss_mb": 329.09375,
      "build_memory_delta_mb": 0.0,
      "search_peak_rss_mb": 242.5625,
      "repetition": 0
    },
    {
      "corpus": "amazon23",
      "size": 10000,
      "ef_search": 50,
      "M": 8,
      "num_queries": 20,
      "build_p50_ms": 17.150333966128528,
      "build_p95_ms": 44.536625035107136,
      "build_p99_ms": 57.81583400676027,
      "search_p50_ms": 24.36812501400709,
      "search_p95_ms": 35.87175003485754,
      "search_p99_ms": 35.87175003485754,
      "avg_build_time_ms": 19.14736580531462,
      "avg_search_time_ms": 25.19566044502426,
      "qps": 39.6893743738908,
      "peak_rss_mb": 334.375,
      "build_peak_rss_mb": 334.375,
      "build_memory_delta_mb": 0.171875,
      "search_peak_rss_mb": 244.9375,
      "repetition": 1
    },
    {
      "corpus": "amazon23",
      "size": 10000,
      "ef_search": 50,
      "M": 8,
      "num_queries": 20,
      "build_p50_ms": 17.487040953710675,
      "build_p95_ms": 44.15508295642212,
      "build_p99_ms": 57.69616598263383,
      "search_p50_ms": 23.93520897021517,
      "search_p95_ms": 36.42783302348107,
      "search_p99_ms": 36.42783302348107,
      "avg_build_time_ms": 19.14089201784227,
      "avg_search_time_ms": 24.779023000155576,
      "qps": 40.35671624315945,
      "peak_rss_mb": 331.828125,
      "build_peak_rss_mb": 331.828125,
      "build_memory_delta_mb": 0.0,
      "search_peak_rss_mb": 248.546875,
      "repetition": 2
    },
    {
      "corpus": "amazon23",
      "size": 10000,
      "ef_search": 50,
      "M": 8,
      "num_queries": 20,
      "build_p50_ms": 17.422417004127055,
      "build_p95_ms": 44.22695795074105,
      "build_p99_ms": 57.9371249768883,
      "search_p50_ms": 24.178750056307763,
      "search_p95_ms": 36.44154197536409,
      "search_p99_ms": 36.44154197536409,
      "avg_build_time_ms": 19.20207441357197,
      "avg_search_time_ms": 25.317839661147445,
      "qps": 39.49784078673158,
      "peak_rss_mb": 332.5,
      "build_peak_rss_mb": 332.5,
      "build_memory_delta_mb": 0.6875,
      "search_peak_rss_mb": 252.21875,
      "repetition": 3
    },
    {
      "corpus": "amazon23",
      "size": 10000,
      "ef_search": 50,
      "M": 8,
      "num_queries": 20,
      "build_p50_ms": 17.201040987856686,
      "build_p95_ms": 43.97837503347546,
      "build_p99_ms": 57.94550001155585,
      "search_p50_ms": 24.00491596199572,
      "search_p95_ms": 33.997500024270266,
      "search_p99_ms": 33.997500024270266,
      "avg_build_time_ms": 19.143986885034245,
      "avg_search_time_ms": 24.87776890047826,
      "qps": 40.19653064551041,
      "peak_rss_mb": 340.703125,
      "build_peak_rss_mb": 340.703125,
      "build_memory_delta_mb": 2.390625,
      "search_peak_rss_mb": 249.328125,
      "repetition": 4
    }
  ],
  "msmarco": [
    {
      "corpus": "msmarco",
      "size": 10000,
      "ef_search": 50,
      "M": 8,
      "num_queries": 20,
      "build_p50_ms": 1.7185000469908118,
      "build_p95_ms": 4.006333008874208,
      "build_p99_ms": 5.38608297938481,
      "search_p50_ms": 2.727458020672202,
      "search_p95_ms": 2.898207982070744,
      "search_p99_ms": 2.898207982070744,
      "avg_build_time_ms": 1.8074300629086792,
      "avg_search_time_ms": 2.7437709068180993,
      "qps": 364.4619153570958,
      "peak_rss_mb": 154.390625,
      "build_peak_rss_mb": 154.03125,
      "build_memory_delta_mb": 2.40625,
      "search_peak_rss_mb": 154.390625,
      "repetition": 0
    },
    {
      "corpus": "msmarco",
      "size": 10000,
      "ef_search": 50,
      "M": 8,
      "num_queries": 20,
      "build_p50_ms": 1.7281250329688191,
      "build_p95_ms": 4.040041007101536,
      "build_p99_ms": 4.971374990418553,
      "search_p50_ms": 2.6989590260200202,
      "search_p95_ms": 2.8752920334227383,
      "search_p99_ms": 2.8752920334227383,
      "avg_build_time_ms": 1.801799330220092,
      "avg_search_time_ms": 2.693302105762996,
      "qps": 371.29143361238573,
      "peak_rss_mb": 156.78125,
      "build_peak_rss_mb": 156.40625,
      "build_memory_delta_mb": 1.53125,