corpus,size,ef_search,M,num_queries,build_p50_ms,build_p95_ms,build_p99_ms,search_p50_ms,search_p95_ms,search_p99_ms,avg_build_time_ms,avg_search_time_ms,qps,peak_rss_mb,build_peak_rss_mb,build_memory_delta_mb,search_peak_rss_mb,repetition
msmarco,10000,50,8,20,1.7185000469908118,4.006333008874208,5.38608297938481,2.727458020672202,2.898207982070744,2.898207982070744,1.8074300629086792,2.7437709068180993,364.4619153570958,154.390625,154.03125,2.40625,154.390625,0
msmarco,10000,50,8,20,1.7281250329688191,4.040041007101536,4.971374990418553,2.6989590260200202,2.8752920334227383,2.8752920334227383,1.801799330220092,2.693302105762996,371.29143361238573,156.78125,156.40625,1.53125,156.78125,1
msmarco,10000,50,8,20,1.7446670099161565,4.033042001537979,5.147332965862006,2.665832987986505,2.781666989903897,2.781666989903897,1.803224926115945,2.6699375943280756,374.5405893097898,159.421875,158.984375,2.125,159.421875,2
msmarco,10000,50,8,20,1.730874995701015,4.393041017465293,6.792749976739287,9.58654098212719,17.650249996222556,17.650249996222556,1.9850588947883807,8.545091646374203,117.02624633924358,161.125,161.125,1.40625,144.109375,3
msmarco,10000,50,8,20,1.7586249741725624,4.178082977887243,5.247541994322091,2.6548749883659184,2.7417090022936463,2.7417090022936463,1.8268179723527282,2.6591541478410363,376.0594325875763,146.734375,146.375,2.09375,146.734375,4
