corpus,size,ef_search,M,num_queries,build_p50_ms,build_p95_ms,build_p99_ms,search_p50_ms,search_p95_ms,search_p99_ms,avg_build_time_ms,avg_search_time_ms,qps,peak_rss_mb,build_peak_rss_mb,build_memory_delta_mb,search_peak_rss_mb,repetition
amazon23,10000,50,8,30,34.373583970591426,112.79662500601262,245.4135000007227,99.36312498757616,183.8020000141114,225.85858404636383,45.0967152162746,109.96420683998925,9.093868166167166,320.421875,320.421875,0.0,209.21875,0
amazon23,10000,50,16,30,57.127042033243924,157.77320798952132,418.04375004721805,59.13683399558067,80.51416598027572,80.88162500644103,70.94923100992455,60.728469458020605,16.466741364052716,303.125,303.125,0.0,215.25,0
amazon23,10000,100,8,30,57.11733299540356,130.87208400247619,218.43029203591868,56.19787500472739,71.86533295316622,78.12887500040233,60.83161292938166,56.72027773301428,17.630379116037822,301.9375,301.9375,0.0,211.953125,0
amazon23,10000,100,16,30,42.36566700274125,105.84004200063646,137.85399997141212,49.25999999977648,70.95762499375269,73.69749998906627,45.919760414166376,51.63598606789795,19.36633879103355,300.53125,300.53125,0.0,211.234375,0
amazon23,25000,50,8,30,97.64450002694502,234.46512495866045,302.1595409954898,122.16950004221871,153.83362502325326,170.7874170388095,105.04009206694317,125.96988473863651,7.938405294843362,301.140625,301.140625,0.0,250.84375,0
amazon23,25000,50,16,30,82.24324998445809,203.6619170103222,264.47399996686727,105.82387499744073,216.22466697590426,220.99612496094778,89.9811395382951,120.52918333210982,8.296745836604313,351.765625,351.765625,0.0,258.890625,0
amazon23,25000,100,8,30,79.45662504062057,183.99237497942522,237.0302919880487,96.68716602027416,140.54291602224112,151.86916600214317,84.32570897931232,102.6260999768662,9.744109931347078,343.5,343.5,0.0,253.796875,0
amazon23,25000,100,16,30,73.8190829870291,184.8465419607237,245.00533303944394,99.40291702514514,175.4688749788329,527.3559169727378,80.16930051811738,120.20409296577175,8.319184275070826,339.734375,339.734375,0.0,252.703125,0
