corpus,size,ef_search,M,num_queries,build_p50_ms,build_p95_ms,build_p99_ms,search_p50_ms,search_p95_ms,search_p99_ms,avg_build_time_ms,avg_search_time_ms,qps,repetition
fiqa,10000,50,8,20,0.21912500960752368,0.5533749936148524,1.0475419694557786,15.307458001188934,19.424915954004973,19.424915954004973,0.2658582097443286,15.329126940923743,65.2352872967819,0
fiqa,25000,50,8,20,0.47675002133473754,1.1900420067831874,2.988874970469624,36.14875004859641,58.71162499533966,58.71162499533966,0.5872584559116513,37.77570431120694,26.47204117656463,0
